First Name,Last Name,Last Contacted,Company Name,Salutations
John,Doe,1st December 2024,Acme Corp,Mr.
Jane,Smith,15th November 2024,Global Tech,Mrs.
Alice,Brown,22nd October 2024,Innovate Solutions,Ms.
Bob,Johnson,30th September 2024,Tech Innovations,Mr.
Emily,Davis,5th December 2024,Cyber Dynamics,Mrs.
Michael,Williams,20th November 2024,Fusion Enterprises,Mr.
Sarah,Jones,10th October 2024,Synergy Group,Ms.
David,Miller,25th September 2024,NextGen Systems,Mr.
Laura,García,3rd December 2024,Pinnacle Partners,Mrs.
James,Rodriguez,18th November 2024,Vanguard Technologies,Mr.
Jessica,Hernandez,15th October 2024,Apex Solutions,Mrs.
Daniel,López,28th September 2024,Eco Ventures,Mr.
Sophia,Gonzalez,2nd December 2024,Rising Star Inc.,Ms.
Matthew,Perez,12th November 2024,Sustainable Innovations,Mr.
Olivia,Torres,5th October 2024,NexTech Solutions,Mrs.
Christopher,Hill,20th September 2024,Catalyst Group,Mr.
Mia,Flores,4th December 2024,Spark Technologies,Mrs.
Joshua,Wright,25th November 2024,CyberTech Solutions,Mr.
Isabella,Bennett,18th October 2024,Fusion Dynamics,Mrs.
Ethan,Cook,15th September 2024,DreamWorks Inc.,Mr.
Ava,Rivera,6th December 2024,Crescent Technologies,Mrs.
